{
	"format_version": "1.8.0",
	"animations": {
		"idle": {
			"loop": true,
			"animation_length": 3,
			"bones": {
				"bone8": {
					"rotation": {
						"0.0": [0, 0, 0],
						"1.0": [0, -12.5, 0],
						"2.0": [0, 12.5, 0],
						"2.5": [0, 0, 0]
					}
				},
				"bone4": {
					"scale": {
						"0.0": [1, 1, 1],
						"0.875": [1, 1.03, 1],
						"2.0": [1, 1, 1]
					}
				},
				"bone3": {
					"scale": {
						"0.0": [1, 1, 1],
						"0.875": [1, 1.03, 1],
						"2.0": [1, 1, 1]
					}
				}
			}
		},
		"walk": {
			"loop": true,
			"animation_length": 1,
			"bones": {
				"bone6": {
					"rotation": {
						"0.0": [0, 0, 0],
						"0.5": [0, -47.5, 0],
						"1.0": [0, 0, 0]
					}
				},
				"bone19": {
					"rotation": {
						"0.0": [0, 0, 0],
						"0.5": [0, 75, 0],
						"1.0": [0, 0, 0]
					}
				},
				"bone28": {
					"rotation": {
						"0.0": [0, 0, 0],
						"0.5": [0, -75, 0],
						"1.0": [0, 0, 0]
					}
				},
				"bone31": {
					"rotation": {
						"0.0": [0, 0, 0],
						"0.5": [0, 47.5, 0],
						"1.0": [0, 0, 0]
					}
				},
				"bone8": {
					"position": {
						"0.0": [0, 0, 0],
						"0.5": [0, 1.3, 0],
						"1.0": [0, 0, 0]
					}
				},
				"bone2": {
					"position": {
						"0.0": [0, 0, 0],
						"0.5": [0, 0.6, 0],
						"1.0": [0, 0, 0]
					}
				},
				"bone4": {
					"rotation": [7.5, 0, 0]
				},
				"bone9": {
					"rotation": {
						"0.5": [0, 0, 0],
						"0.7": [-3.14145, -0.47517, -17.19835],
						"1.0": [0, 0, 0]
					}
				},
				"bone7": {
					"position": {
						"0.0": [0, 0, 0],
						"0.5": [0, 1, 0],
						"1.0": [0, 0, 0]
					},
					"scale": {
						"0.0": [1, 1, 1],
						"0.5": [1.07, 1, 1],
						"1.0": [1, 1, 1]
					}
				},
				"bone12": {
					"position": {
						"0.0": [0, 0, 0],
						"0.5": [0, 1, 0],
						"1.0": [0, 0, 0]
					},
					"scale": {
						"0.0": [1, 1, 1],
						"0.5": [1.07, 1, 1],
						"1.0": [1, 1, 1]
					}
				},
				"bone20": {
					"rotation": {
						"0.0": [0, 0, 0],
						"0.2": [-9.09266, -2.0811, -25.73365],
						"0.5": [0, 0, 0]
					}
				},
				"bone25": {
					"rotation": {
						"0.5": [0, 0, 0],
						"0.7": [-34.8609, 5.25327, 29.16703],
						"1.0": [0, 0, 0]
					}
				},
				"bone29": {
					"rotation": {
						"0.0": [0, 0, 0],
						"0.2": [-9.85578, 2.46784, 28.05263],
						"0.5": [0, 0, 0]
					}
				},
				"bone32": {
					"rotation": {
						"0.5": [0, 0, 0],
						"0.7": [-3.14145, 0.47517, 17.19835],
						"1.0": [0, 0, 0]
					}
				},
				"bone22": {
					"rotation": {
						"0.0": [0, 0, 0],
						"0.2": [-34.8609, -5.25327, -29.16703],
						"0.5": [0, 0, 0]
					}
				}
			}
		},
		"attack": {
			"animation_length": 0.75,
			"bones": {
				"bone7": {
					"rotation": {
						"0.0": [0, 0, 0],
						"0.1667": [-30, 0, 0],
						"0.375": [-30, -30, 0],
						"0.5": [69.6658, 2.57594, -14.78217]
					},
					"position": {
						"0.0": [0, 0, 0],
						"0.1667": [-0.5, -1, 0.7],
						"0.375": [-2, 0, 3],
						"0.5": [-1.1, -4, -6]
					}
				}
			}
		}
	}
}