{
	"format_version": "1.12.0",
	"minecraft:geometry": [
		{
			"description": {
				"identifier": "geometry.unknown",
				"texture_width": 64,
				"texture_height": 64,
				"visible_bounds_width": 6,
				"visible_bounds_height": 4.5,
				"visible_bounds_offset": [0, 1.75, 0]
			},
			"bones": [
				{
					"name": "bone",
					"pivot": [0, 1, 0]
				},
				{
					"name": "bone8",
					"parent": "bone",
					"pivot": [0, 44.97283, -9.34574],
					"cubes": [
						{
							"origin": [-3.8, 39.95, -11.4],
							"size": [7.6, 7.22, 7.6],
							"uv": {
								"north": {"uv": [8, 35], "uv_size": [4, 4]},
								"east": {"uv": [12, 35], "uv_size": [4, 4]},
								"south": {"uv": [16, 35], "uv_size": [4, 4]},
								"west": {"uv": [25, 35], "uv_size": [4, 4]},
								"up": {"uv": [36, 5], "uv_size": [4, 4]},
								"down": {"uv": [34, 40], "uv_size": [4, -4]}
							}
						},
						{
							"origin": [1.2943, 38.41755, -11.59],
							"size": [1.33, 1.9, 0.95],
							"pivot": [0, 40.46175, -11.115],
							"rotation": [-38.88945, -10.20533, -12.38882],
							"uv": {
								"north": {"uv": [53, 8], "uv_size": [0.5, 1]},
								"east": {"uv": [26, 53], "uv_size": [0.5, 1]},
								"south": {"uv": [27, 53], "uv_size": [0.5, 1]},
								"west": {"uv": [53, 27], "uv_size": [0.5, 1]},
								"up": {"uv": [41, 53], "uv_size": [0.5, 0.5]},
								"down": {"uv": [53, 41.5], "uv_size": [0.5, -0.5]}
							}
						},
						{
							"origin": [-3.30779, 38.91427, -11.59],
							"size": [1.33, 1.9, 0.95],
							"pivot": [0, 40.46175, -11.115],
							"rotation": [-36.53404, -17.56397, -22.16171],
							"uv": {
								"north": {"uv": [28, 53], "uv_size": [0.5, 1]},
								"east": {"uv": [53, 28], "uv_size": [0.5, 1]},
								"south": {"uv": [29, 53], "uv_size": [0.5, 1]},
								"west": {"uv": [53, 29], "uv_size": [0.5, 1]},
								"up": {"uv": [42, 53], "uv_size": [0.5, 0.5]},
								"down": {"uv": [53, 42.5], "uv_size": [0.5, -0.5]}
							}
						},
						{
							"origin": [-2.6243, 38.41755, -11.59],
							"size": [1.33, 1.9, 0.95],
							"pivot": [0, 40.46175, -11.115],
							"rotation": [-38.88945, 10.20533, 12.38882],
							"uv": {
								"north": {"uv": [30, 53], "uv_size": [0.5, 1]},
								"east": {"uv": [53, 30], "uv_size": [0.5, 1]},
								"south": {"uv": [31, 53], "uv_size": [0.5, 1]},
								"west": {"uv": [53, 31], "uv_size": [0.5, 1]},
								"up": {"uv": [43, 53], "uv_size": [0.5, 0.5]},
								"down": {"uv": [44, 53.5], "uv_size": [0.5, -0.5]}
							}
						},
						{
							"origin": [1.97779, 38.91427, -11.59],
							"size": [1.33, 1.9, 0.95],
							"pivot": [0, 40.46175, -11.115],
							"rotation": [-36.53404, 17.56397, 22.16171],
							"uv": {
								"north": {"uv": [32, 53], "uv_size": [0.5, 1]},
								"east": {"uv": [53, 32], "uv_size": [0.5, 1]},
								"south": {"uv": [33, 53], "uv_size": [0.5, 1]},
								"west": {"uv": [53, 33], "uv_size": [0.5, 1]},
								"up": {"uv": [45, 53], "uv_size": [0.5, 0.5]},
								"down": {"uv": [53, 46.5], "uv_size": [0.5, -0.5]}
							}
						},
						{
							"origin": [1.78551, 45.09989, -9.93846],
							"size": [2.66, 1.33, 5.51],
							"pivot": [3.72831, 45.93827, -9.52149],
							"rotation": [51.28552, -3.92094, 20.64698],
							"uv": {
								"north": {"uv": [43, 52], "uv_size": [1.5, 0.5]},
								"east": {"uv": [40, 50], "uv_size": [3, 0.5]},
								"south": {"uv": [52, 43], "uv_size": [1.5, 0.5]},
								"west": {"uv": [50, 40], "uv_size": [3, 0.5]},
								"up": {"uv": [11, 48], "uv_size": [1.5, 3]},
								"down": {"uv": [48, 14], "uv_size": [1.5, -3]}
							}
						},
						{
							"origin": [-4.06551, 46.6596, -7.10885],
							"size": [1.9, 1.33, 6.84],
							"pivot": [-3.72831, 45.93827, -9.52149],
							"rotation": [14.28552, 3.92094, -20.64698],
							"uv": {
								"north": {"uv": [53, 34], "uv_size": [1, 0.5]},
								"east": {"uv": [34, 18], "uv_size": [3.5, 0.5]},
								"south": {"uv": [53, 35], "uv_size": [1, 0.5]},
								"west": {"uv": [36, 11], "uv_size": [3.5, 0.5]},
								"up": {"uv": [6, 48], "uv_size": [1, 3.5]},
								"down": {"uv": [48, 44.5], "uv_size": [1, -3.5]}
							}
						},
						{
							"origin": [-4.44551, 45.09989, -9.93846],
							"size": [2.66, 1.33, 5.51],
							"pivot": [-3.72831, 45.93827, -9.52149],
							"rotation": [51.28552, 3.92094, -20.64698],
							"uv": {
								"north": {"uv": [52, 44], "uv_size": [1.5, 0.5]},
								"east": {"uv": [50, 41], "uv_size": [3, 0.5]},
								"south": {"uv": [52, 45], "uv_size": [1.5, 0.5]},
								"west": {"uv": [50, 42], "uv_size": [3, 0.5]},
								"up": {"uv": [13, 48], "uv_size": [1.5, 3]},
								"down": {"uv": [48, 17], "uv_size": [1.5, -3]}
							}
						},
						{
							"origin": [2.16551, 46.6596, -7.10885],
							"size": [1.9, 1.33, 6.84],
							"pivot": [3.72831, 45.93827, -9.52149],
							"rotation": [14.28552, -3.92094, 20.64698],
							"uv": {
								"north": {"uv": [53, 36], "uv_size": [1, 0.5]},
								"east": {"uv": [40, 17], "uv_size": [3.5, 0.5]},
								"south": {"uv": [37, 53], "uv_size": [1, 0.5]},
								"west": {"uv": [45, 3], "uv_size": [3.5, 0.5]},
								"up": {"uv": [43, 48], "uv_size": [1, 3.5]},
								"down": {"uv": [44, 51.5], "uv_size": [1, -3.5]}
							}
						},
						{
							"origin": [1.90519, 43.94363, -12.54],
							"size": [1.14, 4.56, 1.14],
							"pivot": [2.4935, 46.18574, -11.9225],
							"rotation": [0, 0, 61.5],
							"uv": {
								"north": {"uv": [0, 52], "uv_size": [0.5, 2.5]},
								"east": {"uv": [52, 0], "uv_size": [0.5, 2.5]},
								"south": {"uv": [1, 52], "uv_size": [0.5, 2.5]},
								"west": {"uv": [2, 52], "uv_size": [0.5, 2.5]},
								"up": {"uv": [53, 47], "uv_size": [0.5, 0.5]},
								"down": {"uv": [48, 53.5], "uv_size": [0.5, -0.5]}
							}
						},
						{
							"origin": [0.57395, 45.57848, -12.35],
							"size": [3.8, 1.14, 0.95],
							"pivot": [2.4935, 46.18574, -11.9225],
							"rotation": [0, 0, 8],
							"uv": {
								"north": {"uv": [51, 26], "uv_size": [2, 0.5]},
								"east": {"uv": [53, 48], "uv_size": [0.5, 0.5]},
								"south": {"uv": [51, 39], "uv_size": [2, 0.5]},
								"west": {"uv": [49, 53], "uv_size": [0.5, 0.5]},
								"up": {"uv": [52, 9], "uv_size": [2, 0.5]},
								"down": {"uv": [52, 10.5], "uv_size": [2, -0.5]}
							}
						},
						{
							"origin": [-3.04519, 43.94363, -12.54],
							"size": [1.14, 4.56, 1.14],
							"pivot": [-2.4935, 46.18574, -11.9225],
							"rotation": [0, 0, -61.5],
							"uv": {
								"north": {"uv": [3, 52], "uv_size": [0.5, 2.5]},
								"east": {"uv": [52, 3], "uv_size": [0.5, 2.5]},
								"south": {"uv": [6, 52], "uv_size": [0.5, 2.5]},
								"west": {"uv": [52, 6], "uv_size": [0.5, 2.5]},
								"up": {"uv": [53, 49], "uv_size": [0.5, 0.5]},
								"down": {"uv": [50, 53.5], "uv_size": [0.5, -0.5]}
							}
						},
						{
							"origin": [-4.37395, 45.57848, -12.35],
							"size": [3.8, 1.14, 0.95],
							"pivot": [-2.4935, 46.18574, -11.9225],
							"rotation": [0, 0, -8],
							"uv": {
								"north": {"uv": [52, 11], "uv_size": [2, 0.5]},
								"east": {"uv": [53, 50], "uv_size": [0.5, 0.5]},
								"south": {"uv": [52, 12], "uv_size": [2, 0.5]},
								"west": {"uv": [51, 53], "uv_size": [0.5, 0.5]},
								"up": {"uv": [52, 13], "uv_size": [2, 0.5]},
								"down": {"uv": [52, 14.5], "uv_size": [2, -0.5]}
							}
						}
					]
				},
				{
					"name": "bone2",
					"parent": "bone",
					"pivot": [0, 1.9, 0]
				},
				{
					"name": "bone4",
					"parent": "bone2",
					"pivot": [-0.2375, 30.40825, -3.79407],
					"cubes": [
						{
							"origin": [-7.22, 17.39677, -9.77045],
							"size": [14.44, 12.73, 12.54],
							"pivot": [-0.2375, 29.50825, -3.79407],
							"rotation": [10.5, 0, 0],
							"uv": {
								"north": {"uv": [18, 16], "uv_size": [7.5, 6.5]},
								"east": {"uv": [25, 0], "uv_size": [6.5, 6.5]},
								"south": {"uv": [9, 21], "uv_size": [7.5, 6.5]},
								"west": {"uv": [25, 7], "uv_size": [6.5, 6.5]},
								"up": {"uv": [17, 23], "uv_size": [7.5, 6.5]},
								"down": {"uv": [0, 31.5], "uv_size": [7.5, -6.5]}
							}
						}
					]
				},
				{
					"name": "bone13",
					"parent": "bone4",
					"pivot": [-0.665, 1.9, 0],
					"cubes": [
						{
							"origin": [-5.415, 28.74, -8.93],
							"size": [10.83, 12.73, 7.6],
							"uv": {
								"north": {"uv": [8, 28], "uv_size": [5.5, 6.5]},
								"east": {"uv": [21, 30], "uv_size": [4, 6.5]},
								"south": {"uv": [25, 28], "uv_size": [5.5, 6.5]},
								"west": {"uv": [32, 5], "uv_size": [4, 6.5]},
								"up": {"uv": [26, 19], "uv_size": [5.5, 4]},
								"down": {"uv": [32, 23], "uv_size": [5.5, -4]}
							}
						}
					]
				},
				{
					"name": "bone5",
					"parent": "bone2",
					"pivot": [0, 23.465, 6.08],
					"cubes": [
						{
							"origin": [-6.46, 17.34, -3.99],
							"size": [12.92, 9.12, 15.01],
							"pivot": [0, 22.565, 6.08],
							"rotation": [-11.5, 0, 0],
							"uv": {
								"north": {"uv": [14, 30], "uv_size": [7, 5]},
								"east": {"uv": [25, 23], "uv_size": [8, 5]},
								"south": {"uv": [31, 28], "uv_size": [7, 5]},
								"west": {"uv": [26, 14], "uv_size": [8, 5]},
								"up": {"uv": [18, 0], "uv_size": [7, 8]},
								"down": {"uv": [18, 16], "uv_size": [7, -8]}
							}
						}
					]
				},
				{
					"name": "bone3",
					"parent": "bone2",
					"pivot": [1.71, 1.9, 0],
					"cubes": [
						{
							"origin": [-8.55, 15.44, 6.27],
							"size": [17.1, 13.49, 16.34],
							"uv": {
								"north": {"uv": [9, 0], "uv_size": [9, 7]},
								"east": {"uv": [9, 14], "uv_size": [8.5, 7]},
								"south": {"uv": [9, 7], "uv_size": [9, 7]},
								"west": {"uv": [0, 18], "uv_size": [8.5, 7]},
								"up": {"uv": [0, 0], "uv_size": [9, 8.5]},
								"down": {"uv": [0, 17.5], "uv_size": [9, -8.5]}
							}
						},
						{
							"origin": [-6.65, 17.34, 21.47],
							"size": [13.3, 9.69, 3.42],
							"uv": {
								"north": {"uv": [0, 32], "uv_size": [7, 5]},
								"east": {"uv": [24, 39], "uv_size": [2, 5]},
								"south": {"uv": [32, 0], "uv_size": [7, 5]},
								"west": {"uv": [26, 39], "uv_size": [2, 5]},
								"up": {"uv": [33, 26], "uv_size": [7, 2]},
								"down": {"uv": [36, 11], "uv_size": [7, -2]}
							}
						}
					]
				},
				{
					"name": "bone14",
					"parent": "bone3",
					"pivot": [4.75, 30.685, 3.04],
					"cubes": [
						{
							"origin": [4.75, 29.78667, 5.15468],
							"size": [0, 4.37, 7.98],
							"pivot": [0, 31.87046, 3.62454],
							"rotation": [41, 0, 0],
							"uv": {
								"north": {"uv": [0, 0], "uv_size": [0, 2.5]},
								"east": {"uv": [40, 11], "uv_size": [4, 2.5]},
								"south": {"uv": [0, 0], "uv_size": [0, 2.5]},
								"west": {"uv": [40, 14], "uv_size": [4, 2.5]},
								"up": {"uv": [0, 0], "uv_size": [0, 4]},
								"down": {"uv": [0, 4], "uv_size": [0, -4]}
							}
						},
						{
							"origin": [2.85, 29.10303, -3.80576],
							"size": [3.8, 5.13, 4.94],
							"pivot": [0, 31.87046, 3.62454],
							"rotation": [41, 0, 0],
							"uv": {
								"north": {"uv": [34, 45], "uv_size": [2, 2.5]},
								"east": {"uv": [44, 20], "uv_size": [2.5, 2.5]},
								"south": {"uv": [36, 45], "uv_size": [2, 2.5]},
								"west": {"uv": [24, 44], "uv_size": [2.5, 2.5]},
								"up": {"uv": [38, 45], "uv_size": [2, 2.5]},
								"down": {"uv": [40, 47.5], "uv_size": [2, -2.5]}
							}
						},
						{
							"origin": [3.8, 30.16667, 0.59468],
							"size": [1.9, 3.61, 4.94],
							"pivot": [0, 31.87046, 3.62454],
							"rotation": [41, 0, 0],
							"uv": {
								"north": {"uv": [17, 21], "uv_size": [1, 2]},
								"east": {"uv": [14, 28], "uv_size": [2.5, 2]},
								"south": {"uv": [25, 14], "uv_size": [1, 2]},
								"west": {"uv": [44, 37], "uv_size": [2.5, 2]},
								"up": {"uv": [17, 50], "uv_size": [1, 2.5]},
								"down": {"uv": [18, 52.5], "uv_size": [1, -2.5]}
							}
						}
					]
				},
				{
					"name": "bone15",
					"parent": "bone3",
					"pivot": [-4.75, 30.685, 3.04],
					"cubes": [
						{
							"origin": [-4.75, 29.78667, 5.15468],
							"size": [0, 4.37, 7.98],
							"pivot": [0, 31.87046, 3.62454],
							"rotation": [41, 0, 0],
							"uv": {
								"north": {"uv": [0, 0], "uv_size": [0, 2.5]},
								"east": {"uv": [40, 33], "uv_size": [4, 2.5]},
								"south": {"uv": [0, 0], "uv_size": [0, 2.5]},
								"west": {"uv": [34, 40], "uv_size": [4, 2.5]},
								"up": {"uv": [0, 0], "uv_size": [0, 4]},
								"down": {"uv": [0, 4], "uv_size": [0, -4]}
							}
						},
						{
							"origin": [-6.65, 29.10303, -3.80576],
							"size": [3.8, 5.13, 4.94],
							"pivot": [0, 31.87046, 3.62454],
							"rotation": [41, 0, 0],
							"uv": {
								"north": {"uv": [42, 45], "uv_size": [2, 2.5]},
								"east": {"uv": [27, 44], "uv_size": [2.5, 2.5]},
								"south": {"uv": [44, 45], "uv_size": [2, 2.5]},
								"west": {"uv": [44, 28], "uv_size": [2.5, 2.5]},
								"up": {"uv": [0, 46], "uv_size": [2, 2.5]},
								"down": {"uv": [2, 48.5], "uv_size": [2, -2.5]}
							}
						},
						{
							"origin": [-5.7, 30.16667, 0.59468],
							"size": [1.9, 3.61, 4.94],
							"pivot": [0, 31.87046, 3.62454],
							"rotation": [41, 0, 0],
							"uv": {
								"north": {"uv": [20, 35], "uv_size": [1, 2]},
								"east": {"uv": [4, 46], "uv_size": [2.5, 2]},
								"south": {"uv": [24, 37], "uv_size": [1, 2]},
								"west": {"uv": [46, 39], "uv_size": [2.5, 2]},
								"up": {"uv": [50, 18], "uv_size": [1, 2.5]},
								"down": {"uv": [19, 52.5], "uv_size": [1, -2.5]}
							}
						}
					]
				},
				{
					"name": "bone16",
					"parent": "bone3",
					"pivot": [-5.89, 30.685, 13.49],
					"cubes": [
						{
							"origin": [-5.89, 28.36, 18.05],
							"size": [0, 4.37, 7.98],
							"pivot": [-5.89, 29.785, 13.49],
							"rotation": [30, 0, 0],
							"uv": {
								"north": {"uv": [0, 0], "uv_size": [0, 2.5]},
								"east": {"uv": [10, 42], "uv_size": [4, 2.5]},
								"south": {"uv": [0, 0], "uv_size": [0, 2.5]},
								"west": {"uv": [14, 42], "uv_size": [4, 2.5]},
								"up": {"uv": [0, 0], "uv_size": [0, 4]},
								"down": {"uv": [0, 4], "uv_size": [0, -4]}
							}
						},
						{
							"origin": [-7.79, 26.65, 9.12],
							"size": [3.8, 5.13, 4.94],
							"pivot": [-5.89, 29.215, 11.59],
							"rotation": [30, 0, 0],
							"uv": {
								"north": {"uv": [46, 41], "uv_size": [2, 2.5]},
								"east": {"uv": [44, 31], "uv_size": [2.5, 2.5]},
								"south": {"uv": [46, 44], "uv_size": [2, 2.5]},
								"west": {"uv": [44, 34], "uv_size": [2.5, 2.5]},
								"up": {"uv": [47, 17], "uv_size": [2, 2.5]},
								"down": {"uv": [47, 22.5], "uv_size": [2, -2.5]}
							}
						},
						{
							"origin": [-6.84, 28.74, 13.49],
							"size": [1.9, 3.61, 4.94],
							"pivot": [-5.89, 29.785, 13.49],
							"rotation": [30, 0, 0],
							"uv": {
								"north": {"uv": [28, 39], "uv_size": [1, 2]},
								"east": {"uv": [24, 47], "uv_size": [2.5, 2]},
								"south": {"uv": [49, 9], "uv_size": [1, 2]},
								"west": {"uv": [47, 25], "uv_size": [2.5, 2]},
								"up": {"uv": [20, 50], "uv_size": [1, 2.5]},
								"down": {"uv": [21, 52.5], "uv_size": [1, -2.5]}
							}
						}
					]
				},
				{
					"name": "bone17",
					"parent": "bone3",
					"pivot": [5.89, 30.685, 13.49],
					"cubes": [
						{
							"origin": [5.89, 28.36, 18.05],
							"size": [0, 4.37, 7.98],
							"pivot": [5.89, 29.785, 13.49],
							"rotation": [30, 0, 0],
							"uv": {
								"north": {"uv": [0, 0], "uv_size": [0, 2.5]},
								"east": {"uv": [38, 42], "uv_size": [4, 2.5]},
								"south": {"uv": [0, 0], "uv_size": [0, 2.5]},
								"west": {"uv": [42, 39], "uv_size": [4, 2.5]},
								"up": {"uv": [0, 0], "uv_size": [0, 4]},
								"down": {"uv": [0, 4], "uv_size": [0, -4]}
							}
						},
						{
							"origin": [3.99, 26.65, 9.12],
							"size": [3.8, 5.13, 4.94],
							"pivot": [5.89, 29.215, 11.59],
							"rotation": [30, 0, 0],
							"uv": {
								"north": {"uv": [27, 47], "uv_size": [2, 2.5]},
								"east": {"uv": [45, 0], "uv_size": [2.5, 2.5]},
								"south": {"uv": [47, 27], "uv_size": [2, 2.5]},
								"west": {"uv": [45, 6], "uv_size": [2.5, 2.5]},
								"up": {"uv": [29, 47], "uv_size": [2, 2.5]},
								"down": {"uv": [47, 32.5], "uv_size": [2, -2.5]}
							}
						},
						{
							"origin": [4.94, 28.74, 13.49],
							"size": [1.9, 3.61, 4.94],
							"pivot": [5.89, 29.785, 13.49],
							"rotation": [30, 0, 0],
							"uv": {
								"north": {"uv": [49, 23], "uv_size": [1, 2]},
								"east": {"uv": [47, 33], "uv_size": [2.5, 2]},
								"south": {"uv": [37, 50], "uv_size": [1, 2]},
								"west": {"uv": [47, 35], "uv_size": [2.5, 2]},
								"up": {"uv": [50, 21], "uv_size": [1, 2.5]},
								"down": {"uv": [22, 52.5], "uv_size": [1, -2.5]}
							}
						}
					]
				},
				{
					"name": "bone18",
					"parent": "bone3",
					"pivot": [5.89, 30.685, 13.49],
					"cubes": [
						{
							"origin": [0, 28.36, 25.65],
							"size": [0, 4.37, 7.98],
							"pivot": [0, 29.785, 21.09],
							"rotation": [30, 0, 0],
							"uv": {
								"north": {"uv": [0, 0], "uv_size": [0, 2.5]},
								"east": {"uv": [42, 42], "uv_size": [4, 2.5]},
								"south": {"uv": [0, 0], "uv_size": [0, 2.5]},
								"west": {"uv": [0, 43], "uv_size": [4, 2.5]},
								"up": {"uv": [0, 0], "uv_size": [0, 4]},
								"down": {"uv": [0, 4], "uv_size": [0, -4]}
							}
						},
						{
							"origin": [-1.9, 26.65, 16.72],
							"size": [3.8, 5.13, 4.94],
							"pivot": [0, 29.215, 19.19],
							"rotation": [30, 0, 0],
							"uv": {
								"north": {"uv": [46, 47], "uv_size": [2, 2.5]},
								"east": {"uv": [8, 45], "uv_size": [2.5, 2.5]},
								"south": {"uv": [48, 0], "uv_size": [2, 2.5]},
								"west": {"uv": [11, 45], "uv_size": [2.5, 2.5]},
								"up": {"uv": [4, 48], "uv_size": [2, 2.5]},
								"down": {"uv": [48, 8.5], "uv_size": [2, -2.5]}
							}
						},
						{
							"origin": [-0.95, 28.74, 21.09],
							"size": [1.9, 3.61, 4.94],
							"pivot": [0, 29.785, 21.09],
							"rotation": [30, 0, 0],
							"uv": {
								"north": {"uv": [38, 50], "uv_size": [1, 2]},
								"east": {"uv": [47, 37], "uv_size": [2.5, 2]},
								"south": {"uv": [39, 50], "uv_size": [1, 2]},
								"west": {"uv": [8, 48], "uv_size": [2.5, 2]},
								"up": {"uv": [23, 50], "uv_size": [1, 2.5]},
								"down": {"uv": [50, 26.5], "uv_size": [1, -2.5]}
							}
						}
					]
				},
				{
					"name": "bone6",
					"parent": "bone",
					"pivot": [7.98, 22.42, 0.19],
					"rotation": [0, 18, 0],
					"cubes": [
						{
							"origin": [2.42297, 18.1, -2.2774],
							"size": [11.4, 5.7, 5.7],
							"pivot": [8.12297, 19.05, 0.5726],
							"rotation": [0, 0, -22.5],
							"uv": {
								"north": {"uv": [33, 23], "uv_size": [6, 3]},
								"east": {"uv": [4, 40], "uv_size": [3, 3]},
								"south": {"uv": [34, 12], "uv_size": [6, 3]},
								"west": {"uv": [28, 41], "uv_size": [3, 3]},
								"up": {"uv": [34, 15], "uv_size": [6, 3]},
								"down": {"uv": [34, 36], "uv_size": [6, -3]}
							}
						}
					]
				},
				{
					"name": "bone9",
					"parent": "bone6",
					"pivot": [12.48279, 23.36517, 1.8076],
					"cubes": [
						{
							"origin": [11.24779, 19.99517, -0.5674],
							"size": [10.07, 5.13, 4.75],
							"uv": {
								"north": {"uv": [0, 37], "uv_size": [5.5, 2.5]},
								"east": {"uv": [4, 43], "uv_size": [2.5, 2.5]},
								"south": {"uv": [38, 18], "uv_size": [5.5, 2.5]},
								"west": {"uv": [44, 17], "uv_size": [2.5, 2.5]},
								"up": {"uv": [38, 28], "uv_size": [5.5, 2.5]},
								"down": {"uv": [38, 38.5], "uv_size": [5.5, -2.5]}
							}
						},
						{
							"origin": [25.68779, 17.71517, 0.3826],
							"size": [10.45, 3.04, 2.85],
							"pivot": [25.78279, 22.46517, 1.8076],
							"rotation": [0, 0, 80],
							"uv": {
								"north": {"uv": [43, 9], "uv_size": [5.5, 1.5]},
								"east": {"uv": [27, 50], "uv_size": [1.5, 1.5]},
								"south": {"uv": [18, 43], "uv_size": [5.5, 1.5]},
								"west": {"uv": [50, 27], "uv_size": [1.5, 1.5]},
								"up": {"uv": [43, 23], "uv_size": [5.5, 1.5]},
								"down": {"uv": [44, 5.5], "uv_size": [5.5, -1.5]}
							}
						},
						{
							"origin": [20.48204, 20.32249, 0.5726],
							"size": [4.75, 3.04, 2.47],
							"pivot": [22.85704, 24.69249, 1.8076],
							"rotation": [0, 0, 34],
							"uv": {
								"north": {"uv": [21, 48], "uv_size": [2.5, 1.5]},
								"east": {"uv": [29, 50], "uv_size": [1.5, 1.5]},
								"south": {"uv": [34, 48], "uv_size": [2.5, 1.5]},
								"west": {"uv": [50, 29], "uv_size": [1.5, 1.5]},
								"up": {"uv": [37, 48], "uv_size": [2.5, 1.5]},
								"down": {"uv": [40, 49.5], "uv_size": [2.5, -1.5]}
							}
						}
					]
				},
				{
					"name": "bone10",
					"parent": "bone9",
					"pivot": [25.78279, 23.36517, 1.8076],
					"cubes": [
						{
							"origin": [23.51047, 9.56978, 0.0026],
							"size": [8.36, 4.37, 3.61],
							"pivot": [24.49457, 11.30281, 1.8076],
							"rotation": [0, 0, 100],
							"uv": {
								"north": {"uv": [10, 39], "uv_size": [4.5, 2.5]},
								"east": {"uv": [14, 45], "uv_size": [2, 2.5]},
								"south": {"uv": [15, 39], "uv_size": [4.5, 2.5]},
								"west": {"uv": [16, 45], "uv_size": [2, 2.5]},
								"up": {"uv": [40, 7], "uv_size": [4.5, 2]},
								"down": {"uv": [40, 28], "uv_size": [4.5, -2]}
							}
						},
						{
							"origin": [31.87047, 10.32978, 0.5726],
							"size": [3.23, 2.66, 2.28],
							"pivot": [24.49457, 11.30281, 1.8076],
							"rotation": [0, 0, 100],
							"uv": {
								"north": {"uv": [50, 31], "uv_size": [1.5, 1.5]},
								"east": {"uv": [50, 43], "uv_size": [1, 1.5]},
								"south": {"uv": [50, 33], "uv_size": [1.5, 1.5]},
								"west": {"uv": [50, 45], "uv_size": [1, 1.5]},
								"up": {"uv": [18, 42], "uv_size": [1.5, 1]},
								"down": {"uv": [43, 26], "uv_size": [1.5, -1]}
							}
						},
						{
							"origin": [35.10047, 10.89978, 1.1426],
							"size": [1.9, 1.52, 1.14],
							"pivot": [24.49457, 11.30281, 1.8076],
							"rotation": [0, 0, 100],
							"uv": {
								"north": {"uv": [39, 4], "uv_size": [1, 1]},
								"east": {"uv": [53, 37], "uv_size": [0.5, 1]},
								"south": {"uv": [44, 6], "uv_size": [1, 1]},
								"west": {"uv": [38, 53], "uv_size": [0.5, 1]},
								"up": {"uv": [53, 38], "uv_size": [1, 0.5]},
								"down": {"uv": [53, 39.5], "uv_size": [1, -0.5]}
							}
						}
					]
				},
				{
					"name": "bone7",
					"parent": "bone",
					"pivot": [-1.9, 48.07, -5.89],
					"cubes": [
						{
							"origin": [-11.02, 32.92, -6.27],
							"size": [7.6, 4.56, 4.18],
							"pivot": [-8.5025, 32.46486, -5.90588],
							"rotation": [12.67771, 2.90058, -12.67771],
							"uv": {
								"north": {"uv": [39, 23], "uv_size": [4, 2.5]},
								"east": {"uv": [18, 45], "uv_size": [2, 2.5]},
								"south": {"uv": [38, 39], "uv_size": [4, 2.5]},
								"west": {"uv": [20, 45], "uv_size": [2, 2.5]},
								"up": {"uv": [34, 43], "uv_size": [4, 2]},
								"down": {"uv": [44, 13], "uv_size": [4, -2]}
							}
						}
					]
				},
				{
					"name": "bone34",
					"parent": "bone7",
					"pivot": [-8.5025, 33.36486, -5.90588],
					"cubes": [
						{
							"origin": [-12.73, 30.31654, -14.51484],
							"size": [3.99, 3.42, 11.21],
							"pivot": [-8.5025, 32.46486, -5.90588],
							"rotation": [49, 0, 0],
							"uv": {
								"north": {"uv": [32, 12], "uv_size": [2, 2]},
								"east": {"uv": [38, 21], "uv_size": [6, 2]},
								"south": {"uv": [15, 48], "uv_size": [2, 2]},
								"west": {"uv": [38, 31], "uv_size": [6, 2]},
								"up": {"uv": [29, 35], "uv_size": [2, 6]},
								"down": {"uv": [20, 43], "uv_size": [2, -6]}
							}
						}
					]
				},
				{
					"name": "bone11",
					"parent": "bone34",
					"pivot": [-8.5025, 33.36486, -5.90588],
					"cubes": [
						{
							"origin": [-11.59, 39.97098, -25.35898],
							"size": [1.52, 2.85, 1.9],
							"pivot": [-10.83, 41.39598, -24.40898],
							"rotation": [-40, 0, 0],
							"uv": {
								"north": {"uv": [46, 50], "uv_size": [1, 1.5]},
								"east": {"uv": [47, 50], "uv_size": [1, 1.5]},
								"south": {"uv": [50, 47], "uv_size": [1, 1.5]},
								"west": {"uv": [50, 49], "uv_size": [1, 1.5]},
								"up": {"uv": [49, 3], "uv_size": [1, 1]},
								"down": {"uv": [52, 16], "uv_size": [1, -1]}
							}
						},
						{
							"origin": [-11.21, 36.26854, -12.1349],
							"size": [0.95, 2.66, 1.33],
							"pivot": [-10.83, 36.55354, -11.3749],
							"rotation": [68, 0, 0],
							"uv": {
								"north": {"uv": [39, 52], "uv_size": [0.5, 1.5]},
								"east": {"uv": [46, 52], "uv_size": [0.5, 1.5]},
								"south": {"uv": [52, 46], "uv_size": [0.5, 1.5]},
								"west": {"uv": [47, 52], "uv_size": [0.5, 1.5]},
								"up": {"uv": [53, 51], "uv_size": [0.5, 0.5]},
								"down": {"uv": [53, 52.5], "uv_size": [0.5, -0.5]}
							}
						},
						{
							"origin": [-11.78, 32.40797, -13.50583],
							"size": [1.9, 4.75, 1.9],
							"pivot": [-10.83, 34.78297, -15.02583],
							"rotation": [98, 0, 0],
							"uv": {
								"north": {"uv": [8, 25], "uv_size": [1, 2.5]},
								"east": {"uv": [6, 37], "uv_size": [1, 2.5]},
								"south": {"uv": [30, 44], "uv_size": [1, 2.5]},
								"west": {"uv": [45, 48], "uv_size": [1, 2.5]},
								"up": {"uv": [52, 16], "uv_size": [1, 1]},
								"down": {"uv": [52, 18], "uv_size": [1, -1]}
							}
						},
						{
							"origin": [-11.59, 38.50153, -44.69917],
							"size": [1.52, 2.85, 1.9],
							"pivot": [-10.79833, 38.39772, -29.97349],
							"rotation": [-42.5, 0, 0],
							"uv": {
								"north": {"uv": [51, 0], "uv_size": [1, 1.5]},
								"east": {"uv": [51, 2], "uv_size": [1, 1.5]},
								"south": {"uv": [4, 51], "uv_size": [1, 1.5]},
								"west": {"uv": [51, 4], "uv_size": [1, 1.5]},
								"up": {"uv": [52, 18], "uv_size": [1, 1]},
								"down": {"uv": [52, 20], "uv_size": [1, -1]}
							}
						},
						{
							"origin": [-11.78, 28.51888, -21.32913],
							"size": [1.9, 4.75, 1.9],
							"pivot": [-10.79833, 38.39772, -29.97349],
							"rotation": [179.5, 0, 0],
							"uv": {
								"north": {"uv": [48, 45], "uv_size": [1, 2.5]},
								"east": {"uv": [48, 48], "uv_size": [1, 2.5]},
								"south": {"uv": [0, 49], "uv_size": [1, 2.5]},
								"west": {"uv": [1, 49], "uv_size": [1, 2.5]},
								"up": {"uv": [52, 20], "uv_size": [1, 1]},
								"down": {"uv": [52, 22], "uv_size": [1, -1]}
							}
						},
						{
							"origin": [-11.21, 28.68384, -25.30623],
							"size": [0.95, 2.66, 1.33],
							"pivot": [-10.79833, 38.39772, -29.97349],
							"rotation": [-150.5, 0, 0],
							"uv": {
								"north": {"uv": [52, 48], "uv_size": [0.5, 1.5]},
								"east": {"uv": [52, 50], "uv_size": [0.5, 1.5]},
								"south": {"uv": [52, 52], "uv_size": [0.5, 1.5]},
								"west": {"uv": [53, 0], "uv_size": [0.5, 1.5]},
								"up": {"uv": [53, 53], "uv_size": [0.5, 0.5]},
								"down": {"uv": [54, 0.5], "uv_size": [0.5, -0.5]}
							}
						},
						{
							"origin": [-11.59, 38.913, -36.91309],
							"size": [1.52, 2.85, 1.9],
							"pivot": [-10.79833, 38.39772, -29.97349],
							"rotation": [-42.5, 0, 0],
							"uv": {
								"north": {"uv": [5, 51], "uv_size": [1, 1.5]},
								"east": {"uv": [51, 6], "uv_size": [1, 1.5]},
								"south": {"uv": [7, 51], "uv_size": [1, 1.5]},
								"west": {"uv": [51, 8], "uv_size": [1, 1.5]},
								"up": {"uv": [52, 22], "uv_size": [1, 1]},
								"down": {"uv": [52, 24], "uv_size": [1, -1]}
							}
						},
						{
							"origin": [-11.78, 33.42301, -27.39065],
							"size": [1.9, 4.75, 1.9],
							"pivot": [-10.79833, 38.39772, -29.97349],
							"rotation": [179.5, 0, 0],
							"uv": {
								"north": {"uv": [2, 49], "uv_size": [1, 2.5]},
								"east": {"uv": [3, 49], "uv_size": [1, 2.5]},
								"south": {"uv": [49, 17], "uv_size": [1, 2.5]},
								"west": {"uv": [49, 20], "uv_size": [1, 2.5]},
								"up": {"uv": [24, 52], "uv_size": [1, 1]},
								"down": {"uv": [52, 25], "uv_size": [1, -1]}
							}
						},
						{
							"origin": [-11.21, 35.96169, -28.1036],
							"size": [0.95, 2.66, 1.33],
							"pivot": [-10.79833, 38.39772, -29.97349],
							"rotation": [-150.5, 0, 0],
							"uv": {
								"north": {"uv": [53, 2], "uv_size": [0.5, 1.5]},
								"east": {"uv": [4, 53], "uv_size": [0.5, 1.5]},
								"south": {"uv": [53, 4], "uv_size": [0.5, 1.5]},
								"west": {"uv": [5, 53], "uv_size": [0.5, 1.5]},
								"up": {"uv": [54, 1], "uv_size": [0.5, 0.5]},
								"down": {"uv": [54, 2.5], "uv_size": [0.5, -0.5]}
							}
						},
						{
							"origin": [-11.21, 43.38189, -31.25329],
							"size": [0.95, 2.66, 1.33],
							"pivot": [-10.79833, 38.39772, -29.97349],
							"rotation": [-150.5, 0, 0],
							"uv": {
								"north": {"uv": [53, 6], "uv_size": [0.5, 1.5]},
								"east": {"uv": [7, 53], "uv_size": [0.5, 1.5]},
								"south": {"uv": [8, 53], "uv_size": [0.5, 1.5]},
								"west": {"uv": [9, 53], "uv_size": [0.5, 1.5]},
								"up": {"uv": [54, 3], "uv_size": [0.5, 0.5]},
								"down": {"uv": [54, 4.5], "uv_size": [0.5, -0.5]}
							}
						},
						{
							"origin": [-11.78, 38.27424, -33.82845],
							"size": [1.9, 4.75, 1.9],
							"pivot": [-10.79833, 38.39772, -29.97349],
							"rotation": [179.5, 0, 0],
							"uv": {
								"north": {"uv": [24, 49], "uv_size": [1, 2.5]},
								"east": {"uv": [25, 49], "uv_size": [1, 2.5]},
								"south": {"uv": [26, 49], "uv_size": [1, 2.5]},
								"west": {"uv": [49, 27], "uv_size": [1, 2.5]},
								"up": {"uv": [25, 52], "uv_size": [1, 1]},
								"down": {"uv": [52, 26], "uv_size": [1, -1]}
							}
						},
						{
							"origin": [-11.59, 39.61556, -28.88274],
							"size": [1.52, 2.85, 1.9],
							"pivot": [-10.79833, 38.39772, -29.97349],
							"rotation": [-42.5, 0, 0],
							"uv": {
								"north": {"uv": [51, 10], "uv_size": [1, 1.5]},
								"east": {"uv": [11, 51], "uv_size": [1, 1.5]},
								"south": {"uv": [12, 51], "uv_size": [1, 1.5]},
								"west": {"uv": [51, 12], "uv_size": [1, 1.5]},
								"up": {"uv": [26, 52], "uv_size": [1, 1]},
								"down": {"uv": [27, 53], "uv_size": [1, -1]}
							}
						},
						{
							"origin": [-11.21, 51.04589, -33.48478],
							"size": [0.95, 2.66, 1.33],
							"pivot": [-10.79833, 38.39772, -29.97349],
							"rotation": [-150.5, 0, 0],
							"uv": {
								"north": {"uv": [10, 53], "uv_size": [0.5, 1.5]},
								"east": {"uv": [11, 53], "uv_size": [0.5, 1.5]},
								"south": {"uv": [12, 53], "uv_size": [0.5, 1.5]},
								"west": {"uv": [13, 53], "uv_size": [0.5, 1.5]},
								"up": {"uv": [54, 5], "uv_size": [0.5, 0.5]},
								"down": {"uv": [54, 6.5], "uv_size": [0.5, -0.5]}
							}
						},
						{
							"origin": [-11.59, 39.36955, -20.90427],
							"size": [1.52, 2.85, 1.9],
							"pivot": [-10.79833, 38.39772, -29.97349],
							"rotation": [-42.5, 0, 0],
							"uv": {
								"north": {"uv": [13, 51], "uv_size": [1, 1.5]},
								"east": {"uv": [14, 51], "uv_size": [1, 1.5]},
								"south": {"uv": [51, 14], "uv_size": [1, 1.5]},
								"west": {"uv": [51, 16], "uv_size": [1, 1.5]},
								"up": {"uv": [52, 27], "uv_size": [1, 1]},
								"down": {"uv": [28, 53], "uv_size": [1, -1]}
							}
						},
						{
							"origin": [-11.78, 43.79571, -39.593],
							"size": [1.9, 4.75, 1.9],
							"pivot": [-10.79833, 38.39772, -29.97349],
							"rotation": [179.5, 0, 0],
							"uv": {
								"north": {"uv": [49, 30], "uv_size": [1, 2.5]},
								"east": {"uv": [49, 39], "uv_size": [1, 2.5]},
								"south": {"uv": [49, 42], "uv_size": [1, 2.5]},
								"west": {"uv": [49, 45], "uv_size": [1, 2.5]},
								"up": {"uv": [52, 28], "uv_size": [1, 1]},
								"down": {"uv": [29, 53], "uv_size": [1, -1]}
							}
						},
						{
							"origin": [-11.59, 35.03098, -19.08898],
							"size": [1.52, 2.85, 1.9],
							"pivot": [-10.83, 36.45598, -18.13898],
							"rotation": [-40, 0, 0],
							"uv": {
								"north": {"uv": [51, 18], "uv_size": [1, 1.5]},
								"east": {"uv": [51, 20], "uv_size": [1, 1.5]},
								"south": {"uv": [51, 22], "uv_size": [1, 1.5]},
								"west": {"uv": [51, 24], "uv_size": [1, 1.5]},
								"up": {"uv": [52, 29], "uv_size": [1, 1]},
								"down": {"uv": [30, 53], "uv_size": [1, -1]}
							}
						},
						{
							"origin": [-11.21, 52.22854, -29.8049],
							"size": [0.95, 2.66, 1.33],
							"pivot": [-10.83, 52.51354, -29.0449],
							"rotation": [68, 0, 0],
							"uv": {
								"north": {"uv": [14, 53], "uv_size": [0.5, 1.5]},
								"east": {"uv": [15, 53], "uv_size": [0.5, 1.5]},
								"south": {"uv": [53, 15], "uv_size": [0.5, 1.5]},
								"west": {"uv": [16, 53], "uv_size": [0.5, 1.5]},
								"up": {"uv": [54, 7], "uv_size": [0.5, 0.5]},
								"down": {"uv": [54, 8.5], "uv_size": [0.5, -0.5]}
							}
						},
						{
							"origin": [-11.78, 48.36797, -31.17583],
							"size": [1.9, 4.75, 1.9],
							"pivot": [-10.83, 50.74297, -32.69583],
							"rotation": [98, 0, 0],
							"uv": {
								"north": {"uv": [49, 48], "uv_size": [1, 2.5]},
								"east": {"uv": [50, 0], "uv_size": [1, 2.5]},
								"south": {"uv": [50, 3], "uv_size": [1, 2.5]},
								"west": {"uv": [50, 6], "uv_size": [1, 2.5]},
								"up": {"uv": [52, 30], "uv_size": [1, 1]},
								"down": {"uv": [31, 53], "uv_size": [1, -1]}
							}
						},
						{
							"origin": [-11.59, 50.99098, -36.75898],
							"size": [1.52, 2.85, 1.9],
							"pivot": [-10.83, 52.41598, -35.80898],
							"rotation": [-40, 0, 0],
							"uv": {
								"north": {"uv": [51, 35], "uv_size": [1, 1.5]},
								"east": {"uv": [51, 37], "uv_size": [1, 1.5]},
								"south": {"uv": [40, 51], "uv_size": [1, 1.5]},
								"west": {"uv": [41, 51], "uv_size": [1, 1.5]},
								"up": {"uv": [52, 31], "uv_size": [1, 1]},
								"down": {"uv": [32, 53], "uv_size": [1, -1]}
							}
						},
						{
							"origin": [-11.21, 46.90854, -24.1049],
							"size": [0.95, 2.66, 1.33],
							"pivot": [-10.83, 47.19354, -23.3449],
							"rotation": [68, 0, 0],
							"uv": {
								"north": {"uv": [17, 53], "uv_size": [0.5, 1.5]},
								"east": {"uv": [53, 17], "uv_size": [0.5, 1.5]},
								"south": {"uv": [18, 53], "uv_size": [0.5, 1.5]},
								"west": {"uv": [19, 53], "uv_size": [0.5, 1.5]},
								"up": {"uv": [54, 9], "uv_size": [0.5, 0.5]},
								"down": {"uv": [54, 10.5], "uv_size": [0.5, -0.5]}
							}
						},
						{
							"origin": [-11.78, 43.04797, -25.47583],
							"size": [1.9, 4.75, 1.9],
							"pivot": [-10.83, 45.42297, -26.99583],
							"rotation": [98, 0, 0],
							"uv": {
								"north": {"uv": [8, 50], "uv_size": [1, 2.5]},
								"east": {"uv": [9, 50], "uv_size": [1, 2.5]},
								"south": {"uv": [50, 9], "uv_size": [1, 2.5]},
								"west": {"uv": [10, 50], "uv_size": [1, 2.5]},
								"up": {"uv": [52, 32], "uv_size": [1, 1]},
								"down": {"uv": [33, 53], "uv_size": [1, -1]}
							}
						},
						{
							"origin": [-11.59, 45.67098, -31.05898],
							"size": [1.52, 2.85, 1.9],
							"pivot": [-10.83, 47.09598, -30.10898],
							"rotation": [-40, 0, 0],
							"uv": {
								"north": {"uv": [42, 51], "uv_size": [1, 1.5]},
								"east": {"uv": [51, 43], "uv_size": [1, 1.5]},
								"south": {"uv": [45, 51], "uv_size": [1, 1.5]},
								"west": {"uv": [51, 45], "uv_size": [1, 1.5]},
								"up": {"uv": [52, 33], "uv_size": [1, 1]},
								"down": {"uv": [52, 35], "uv_size": [1, -1]}
							}
						},
						{
							"origin": [-11.78, 37.34797, -19.77583],
							"size": [1.9, 4.75, 1.9],
							"pivot": [-10.83, 39.72297, -21.29583],
							"rotation": [98, 0, 0],
							"uv": {
								"north": {"uv": [50, 12], "uv_size": [1, 2.5]},
								"east": {"uv": [15, 50], "uv_size": [1, 2.5]},
								"south": {"uv": [50, 15], "uv_size": [1, 2.5]},
								"west": {"uv": [16, 50], "uv_size": [1, 2.5]},
								"up": {"uv": [52, 35], "uv_size": [1, 1]},
								"down": {"uv": [52, 37], "uv_size": [1, -1]}
							}
						},
						{
							"origin": [-11.21, 41.20854, -18.4049],
							"size": [0.95, 2.66, 1.33],
							"pivot": [-10.83, 41.49354, -17.6449],
							"rotation": [68, 0, 0],
							"uv": {
								"north": {"uv": [53, 19], "uv_size": [0.5, 1.5]},
								"east": {"uv": [20, 53], "uv_size": [0.5, 1.5]},
								"south": {"uv": [21, 53], "uv_size": [0.5, 1.5]},
								"west": {"uv": [53, 21], "uv_size": [0.5, 1.5]},
								"up": {"uv": [54, 11], "uv_size": [0.5, 0.5]},
								"down": {"uv": [54, 12.5], "uv_size": [0.5, -0.5]}
							}
						},
						{
							"origin": [-11.78, 35.06654, -13.94484],
							"size": [1.9, 35.91, 2.28],
							"pivot": [-8.5025, 32.46486, -5.90588],
							"rotation": [49, 0, 0],
							"uv": {
								"north": {"uv": [7, 32], "uv_size": [1, 19]},
								"east": {"uv": [31, 33], "uv_size": [1, 19]},
								"south": {"uv": [32, 33], "uv_size": [1, 19]},
								"west": {"uv": [33, 33], "uv_size": [1, 19]},
								"up": {"uv": [37, 52], "uv_size": [1, 1]},
								"down": {"uv": [52, 38], "uv_size": [1, -1]}
							}
						},
						{
							"origin": [-11.4, 70.59654, -13.56484],
							"size": [0.95, 2.47, 1.52],
							"pivot": [-8.5025, 32.46486, -5.90588],
							"rotation": [49, 0, 0],
							"uv": {
								"north": {"uv": [22, 53], "uv_size": [0.5, 1.5]},
								"east": {"uv": [51, 47], "uv_size": [1, 1.5]},
								"south": {"uv": [23, 53], "uv_size": [0.5, 1.5]},
								"west": {"uv": [48, 51], "uv_size": [1, 1.5]},
								"up": {"uv": [40, 53], "uv_size": [0.5, 1]},
								"down": {"uv": [53, 41], "uv_size": [0.5, -1]}
							}
						},
						{
							"origin": [-11.4, 73.06654, -13.37484],
							"size": [0.95, 2.47, 1.14],
							"pivot": [-8.5025, 32.46486, -5.90588],
							"rotation": [49, 0, 0],
							"uv": {
								"north": {"uv": [53, 23], "uv_size": [0.5, 1.5]},
								"east": {"uv": [24, 53], "uv_size": [0.5, 1.5]},
								"south": {"uv": [25, 53], "uv_size": [0.5, 1.5]},
								"west": {"uv": [53, 25], "uv_size": [0.5, 1.5]},
								"up": {"uv": [54, 13], "uv_size": [0.5, 0.5]},
								"down": {"uv": [54, 14.5], "uv_size": [0.5, -0.5]}
							}
						},
						{
							"origin": [-11.59, 26.70654, -13.56484],
							"size": [1.33, 8.93, 1.33],
							"pivot": [-8.5025, 32.46486, -5.90588],
							"rotation": [49, 0, 0],
							"uv": {
								"north": {"uv": [34, 50], "uv_size": [0.5, 4.5]},
								"east": {"uv": [35, 50], "uv_size": [0.5, 4.5]},
								"south": {"uv": [50, 35], "uv_size": [0.5, 4.5]},
								"west": {"uv": [36, 50], "uv_size": [0.5, 4.5]},
								"up": {"uv": [54, 15], "uv_size": [0.5, 0.5]},
								"down": {"uv": [54, 16.5], "uv_size": [0.5, -0.5]}
							}
						},
						{
							"origin": [-11.78, 25.56654, -13.75484],
							"size": [1.9, 3.23, 1.9],
							"pivot": [-8.5025, 32.46486, -5.90588],
							"rotation": [49, 0, 0],
							"uv": {
								"north": {"uv": [49, 51], "uv_size": [1, 1.5]},
								"east": {"uv": [51, 49], "uv_size": [1, 1.5]},
								"south": {"uv": [50, 51], "uv_size": [1, 1.5]},
								"west": {"uv": [51, 51], "uv_size": [1, 1.5]},
								"up": {"uv": [38, 52], "uv_size": [1, 1]},
								"down": {"uv": [52, 39], "uv_size": [1, -1]}
							}
						}
					]
				},
				{
					"name": "bone12",
					"parent": "bone",
					"pivot": [8.5025, 33.36486, -5.90588],
					"cubes": [
						{
							"origin": [3.42, 32.92, -6.27],
							"size": [7.6, 4.56, 4.18],
							"pivot": [8.5025, 32.46486, -5.90588],
							"rotation": [12.67771, -2.90058, 12.67771],
							"uv": {
								"north": {"uv": [0, 40], "uv_size": [4, 2.5]},
								"east": {"uv": [22, 45], "uv_size": [2, 2.5]},
								"south": {"uv": [40, 4], "uv_size": [4, 2.5]},
								"west": {"uv": [45, 25], "uv_size": [2, 2.5]},
								"up": {"uv": [44, 13], "uv_size": [4, 2]},
								"down": {"uv": [44, 17], "uv_size": [4, -2]}
							}
						},
						{
							"origin": [8.74, 30.31654, -14.51484],
							"size": [3.99, 3.42, 11.21],
							"pivot": [8.5025, 32.46486, -5.90588],
							"rotation": [49, 0, 0],
							"uv": {
								"north": {"uv": [17, 48], "uv_size": [2, 2]},
								"east": {"uv": [39, 0], "uv_size": [6, 2]},
								"south": {"uv": [19, 48], "uv_size": [2, 2]},
								"west": {"uv": [39, 2], "uv_size": [6, 2]},
								"up": {"uv": [22, 37], "uv_size": [2, 6]},
								"down": {"uv": [8, 45], "uv_size": [2, -6]}
							}
						}
					]
				},
				{
					"name": "bone19",
					"parent": "bone",
					"pivot": [7.98, 18.05, 11.02],
					"rotation": [0, -50, 0],
					"cubes": [
						{
							"origin": [6.12568, 18.1, 11.79302],
							"size": [11.4, 5.7, 5.7],
							"pivot": [11.82568, 19.05, 14.64302],
							"rotation": [0, 0, -22.5],
							"uv": {
								"north": {"uv": [33, 23], "uv_size": [6, 3]},
								"east": {"uv": [4, 40], "uv_size": [3, 3]},
								"south": {"uv": [34, 12], "uv_size": [6, 3]},
								"west": {"uv": [28, 41], "uv_size": [3, 3]},
								"up": {"uv": [34, 15], "uv_size": [6, 3]},
								"down": {"uv": [34, 36], "uv_size": [6, -3]}
							}
						}
					]
				},
				{
					"name": "bone20",
					"parent": "bone19",
					"pivot": [16.18549, 23.36517, 14.73802],
					"cubes": [
						{
							"origin": [14.95049, 19.99517, 12.36302],
							"size": [10.07, 5.13, 4.75],
							"uv": {
								"north": {"uv": [0, 37], "uv_size": [5.5, 2.5]},
								"east": {"uv": [4, 43], "uv_size": [2.5, 2.5]},
								"south": {"uv": [38, 18], "uv_size": [5.5, 2.5]},
								"west": {"uv": [44, 17], "uv_size": [2.5, 2.5]},
								"up": {"uv": [38, 28], "uv_size": [5.5, 2.5]},
								"down": {"uv": [38, 38.5], "uv_size": [5.5, -2.5]}
							}
						},
						{
							"origin": [29.39049, 17.71517, 13.31302],
							"size": [10.45, 3.04, 2.85],
							"pivot": [29.48549, 22.46517, 14.73802],
							"rotation": [0, 0, 80],
							"uv": {
								"north": {"uv": [43, 9], "uv_size": [5.5, 1.5]},
								"east": {"uv": [27, 50], "uv_size": [1.5, 1.5]},
								"south": {"uv": [18, 43], "uv_size": [5.5, 1.5]},
								"west": {"uv": [50, 27], "uv_size": [1.5, 1.5]},
								"up": {"uv": [43, 23], "uv_size": [5.5, 1.5]},
								"down": {"uv": [44, 5.5], "uv_size": [5.5, -1.5]}
							}
						},
						{
							"origin": [24.18474, 20.32249, 13.50302],
							"size": [4.75, 3.04, 2.47],
							"pivot": [26.55974, 24.69249, 14.73802],
							"rotation": [0, 0, 34],
							"uv": {
								"north": {"uv": [21, 48], "uv_size": [2.5, 1.5]},
								"east": {"uv": [29, 50], "uv_size": [1.5, 1.5]},
								"south": {"uv": [34, 48], "uv_size": [2.5, 1.5]},
								"west": {"uv": [50, 29], "uv_size": [1.5, 1.5]},
								"up": {"uv": [37, 48], "uv_size": [2.5, 1.5]},
								"down": {"uv": [40, 49.5], "uv_size": [2.5, -1.5]}
							}
						}
					]
				},
				{
					"name": "bone21",
					"parent": "bone20",
					"pivot": [29.48549, 23.36517, 14.73802],
					"cubes": [
						{
							"origin": [27.21317, 9.56978, 12.93302],
							"size": [8.36, 4.37, 3.61],
							"pivot": [28.19727, 11.30281, 14.73802],
							"rotation": [0, 0, 100],
							"uv": {
								"north": {"uv": [10, 39], "uv_size": [4.5, 2.5]},
								"east": {"uv": [14, 45], "uv_size": [2, 2.5]},
								"south": {"uv": [15, 39], "uv_size": [4.5, 2.5]},
								"west": {"uv": [16, 45], "uv_size": [2, 2.5]},
								"up": {"uv": [40, 7], "uv_size": [4.5, 2]},
								"down": {"uv": [40, 28], "uv_size": [4.5, -2]}
							}
						},
						{
							"origin": [35.57317, 10.32978, 13.50302],
							"size": [3.23, 2.66, 2.28],
							"pivot": [28.19727, 11.30281, 14.73802],
							"rotation": [0, 0, 100],
							"uv": {
								"north": {"uv": [50, 31], "uv_size": [1.5, 1.5]},
								"east": {"uv": [50, 43], "uv_size": [1, 1.5]},
								"south": {"uv": [50, 33], "uv_size": [1.5, 1.5]},
								"west": {"uv": [50, 45], "uv_size": [1, 1.5]},
								"up": {"uv": [18, 42], "uv_size": [1.5, 1]},
								"down": {"uv": [43, 26], "uv_size": [1.5, -1]}
							}
						},
						{
							"origin": [38.80317, 10.89978, 14.07302],
							"size": [1.9, 1.52, 1.14],
							"pivot": [28.19727, 11.30281, 14.73802],
							"rotation": [0, 0, 100],
							"uv": {
								"north": {"uv": [39, 4], "uv_size": [1, 1]},
								"east": {"uv": [53, 37], "uv_size": [0.5, 1]},
								"south": {"uv": [44, 6], "uv_size": [1, 1]},
								"west": {"uv": [38, 53], "uv_size": [0.5, 1]},
								"up": {"uv": [53, 38], "uv_size": [1, 0.5]},
								"down": {"uv": [53, 39.5], "uv_size": [1, -0.5]}
							}
						}
					]
				},
				{
					"name": "bone22",
					"parent": "bone",
					"pivot": [3.61, 19.76, -3.8],
					"rotation": [0, 58.5, 0],
					"cubes": [
						{
							"origin": [2.09, 18.1, -7.6],
							"size": [11.4, 5.7, 5.7],
							"pivot": [7.79, 19.05, -4.75],
							"rotation": [0, 0, -22.5],
							"uv": {
								"north": {"uv": [33, 23], "uv_size": [6, 3]},
								"east": {"uv": [4, 40], "uv_size": [3, 3]},
								"south": {"uv": [34, 12], "uv_size": [6, 3]},
								"west": {"uv": [28, 41], "uv_size": [3, 3]},
								"up": {"uv": [34, 15], "uv_size": [6, 3]},
								"down": {"uv": [34, 36], "uv_size": [6, -3]}
							}
						}
					]
				},
				{
					"name": "bone23",
					"parent": "bone22",
					"pivot": [17.26342, 16.58446, -3.49125],
					"cubes": [
						{
							"origin": [10.91482, 19.99517, -7.03],
							"size": [10.07, 5.13, 4.75],
							"uv": {
								"north": {"uv": [0, 37], "uv_size": [5.5, 2.5]},
								"east": {"uv": [4, 43], "uv_size": [2.5, 2.5]},
								"south": {"uv": [38, 18], "uv_size": [5.5, 2.5]},
								"west": {"uv": [44, 17], "uv_size": [2.5, 2.5]},
								"up": {"uv": [38, 28], "uv_size": [5.5, 2.5]},
								"down": {"uv": [38, 38.5], "uv_size": [5.5, -2.5]}
							}
						},
						{
							"origin": [25.35482, 17.71517, -6.08],
							"size": [10.45, 3.04, 2.85],
							"pivot": [25.44982, 22.46517, -4.655],
							"rotation": [0, 0, 80],
							"uv": {
								"north": {"uv": [43, 9], "uv_size": [5.5, 1.5]},
								"east": {"uv": [27, 50], "uv_size": [1.5, 1.5]},
								"south": {"uv": [18, 43], "uv_size": [5.5, 1.5]},
								"west": {"uv": [50, 27], "uv_size": [1.5, 1.5]},
								"up": {"uv": [43, 23], "uv_size": [5.5, 1.5]},
								"down": {"uv": [44, 5.5], "uv_size": [5.5, -1.5]}
							}
						},
						{
							"origin": [20.14906, 20.32249, -5.89],
							"size": [4.75, 3.04, 2.47],
							"pivot": [22.52406, 24.69249, -4.655],
							"rotation": [0, 0, 34],
							"uv": {
								"north": {"uv": [21, 48], "uv_size": [2.5, 1.5]},
								"east": {"uv": [29, 50], "uv_size": [1.5, 1.5]},
								"south": {"uv": [34, 48], "uv_size": [2.5, 1.5]},
								"west": {"uv": [50, 29], "uv_size": [1.5, 1.5]},
								"up": {"uv": [37, 48], "uv_size": [2.5, 1.5]},
								"down": {"uv": [40, 49.5], "uv_size": [2.5, -1.5]}
							}
						}
					]
				},
				{
					"name": "bone24",
					"parent": "bone23",
					"pivot": [25.44982, 23.36517, -4.655],
					"cubes": [
						{
							"origin": [23.17749, 9.56978, -6.46],
							"size": [8.36, 4.37, 3.61],
							"pivot": [24.1616, 11.30281, -4.655],
							"rotation": [0, 0, 100],
							"uv": {
								"north": {"uv": [10, 39], "uv_size": [4.5, 2.5]},
								"east": {"uv": [14, 45], "uv_size": [2, 2.5]},
								"south": {"uv": [15, 39], "uv_size": [4.5, 2.5]},
								"west": {"uv": [16, 45], "uv_size": [2, 2.5]},
								"up": {"uv": [40, 7], "uv_size": [4.5, 2]},
								"down": {"uv": [40, 28], "uv_size": [4.5, -2]}
							}
						},
						{
							"origin": [31.53749, 10.32978, -5.89],
							"size": [3.23, 2.66, 2.28],
							"pivot": [24.1616, 11.30281, -4.655],
							"rotation": [0, 0, 100],
							"uv": {
								"north": {"uv": [50, 31], "uv_size": [1.5, 1.5]},
								"east": {"uv": [50, 43], "uv_size": [1, 1.5]},
								"south": {"uv": [50, 33], "uv_size": [1.5, 1.5]},
								"west": {"uv": [50, 45], "uv_size": [1, 1.5]},
								"up": {"uv": [18, 42], "uv_size": [1.5, 1]},
								"down": {"uv": [43, 26], "uv_size": [1.5, -1]}
							}
						},
						{
							"origin": [34.76749, 10.89978, -5.32],
							"size": [1.9, 1.52, 1.14],
							"pivot": [24.1616, 11.30281, -4.655],
							"rotation": [0, 0, 100],
							"uv": {
								"north": {"uv": [39, 4], "uv_size": [1, 1]},
								"east": {"uv": [53, 37], "uv_size": [0.5, 1]},
								"south": {"uv": [44, 6], "uv_size": [1, 1]},
								"west": {"uv": [38, 53], "uv_size": [0.5, 1]},
								"up": {"uv": [53, 38], "uv_size": [1, 0.5]},
								"down": {"uv": [53, 39.5], "uv_size": [1, -0.5]}
							}
						}
					]
				},
				{
					"name": "bone25",
					"parent": "bone",
					"pivot": [-3.61, 19.76, -3.8],
					"rotation": [0, -58.5, 0],
					"cubes": [
						{
							"origin": [-13.49, 18.1, -7.6],
							"size": [11.4, 5.7, 5.7],
							"pivot": [-7.79, 19.05, -4.75],
							"rotation": [0, 0, 22.5],
							"uv": {
								"north": {"uv": [39, 23], "uv_size": [-6, 3]},
								"east": {"uv": [31, 41], "uv_size": [-3, 3]},
								"south": {"uv": [40, 12], "uv_size": [-6, 3]},
								"west": {"uv": [7, 40], "uv_size": [-3, 3]},
								"up": {"uv": [40, 15], "uv_size": [-6, 3]},
								"down": {"uv": [40, 36], "uv_size": [-6, -3]}
							}
						}
					]
				},
				{
					"name": "bone26",
					"parent": "bone25",
					"pivot": [-25.44982, 23.36517, -4.655],
					"cubes": [
						{
							"origin": [-20.98482, 19.99517, -7.03],
							"size": [10.07, 5.13, 4.75],
							"uv": {
								"north": {"uv": [5.5, 37], "uv_size": [-5.5, 2.5]},
								"east": {"uv": [46.5, 17], "uv_size": [-2.5, 2.5]},
								"south": {"uv": [43.5, 18], "uv_size": [-5.5, 2.5]},
								"west": {"uv": [6.5, 43], "uv_size": [-2.5, 2.5]},
								"up": {"uv": [43.5, 28], "uv_size": [-5.5, 2.5]},
								"down": {"uv": [43.5, 38.5], "uv_size": [-5.5, -2.5]}
							}
						},
						{
							"origin": [-35.80482, 17.71517, -6.08],
							"size": [10.45, 3.04, 2.85],
							"pivot": [-25.44982, 22.46517, -4.655],
							"rotation": [0, 0, -80],
							"uv": {
								"north": {"uv": [48.5, 9], "uv_size": [-5.5, 1.5]},
								"east": {"uv": [51.5, 27], "uv_size": [-1.5, 1.5]},
								"south": {"uv": [23.5, 43], "uv_size": [-5.5, 1.5]},
								"west": {"uv": [28.5, 50], "uv_size": [-1.5, 1.5]},
								"up": {"uv": [48.5, 23], "uv_size": [-5.5, 1.5]},
								"down": {"uv": [49.5, 5.5], "uv_size": [-5.5, -1.5]}
							}
						},
						{
							"origin": [-24.89906, 20.32249, -5.89],
							"size": [4.75, 3.04, 2.47],
							"pivot": [-22.52406, 24.69249, -4.655],
							"rotation": [0, 0, -34],
							"uv": {
								"north": {"uv": [23.5, 48], "uv_size": [-2.5, 1.5]},
								"east": {"uv": [51.5, 29], "uv_size": [-1.5, 1.5]},
								"south": {"uv": [36.5, 48], "uv_size": [-2.5, 1.5]},
								"west": {"uv": [30.5, 50], "uv_size": [-1.5, 1.5]},
								"up": {"uv": [39.5, 48], "uv_size": [-2.5, 1.5]},
								"down": {"uv": [42.5, 49.5], "uv_size": [-2.5, -1.5]}
							}
						}
					]
				},
				{
					"name": "bone27",
					"parent": "bone26",
					"pivot": [-25.44982, 23.36517, -4.655],
					"cubes": [
						{
							"origin": [-31.53749, 9.56978, -6.46],
							"size": [8.36, 4.37, 3.61],
							"pivot": [-24.1616, 11.30281, -4.655],
							"rotation": [0, 0, -100],
							"uv": {
								"north": {"uv": [14.5, 39], "uv_size": [-4.5, 2.5]},
								"east": {"uv": [18, 45], "uv_size": [-2, 2.5]},
								"south": {"uv": [19.5, 39], "uv_size": [-4.5, 2.5]},
								"west": {"uv": [16, 45], "uv_size": [-2, 2.5]},
								"up": {"uv": [44.5, 7], "uv_size": [-4.5, 2]},
								"down": {"uv": [44.5, 28], "uv_size": [-4.5, -2]}
							}
						},
						{
							"origin": [-34.76749, 10.32978, -5.89],
							"size": [3.23, 2.66, 2.28],
							"pivot": [-24.1616, 11.30281, -4.655],
							"rotation": [0, 0, -100],
							"uv": {
								"north": {"uv": [51.5, 31], "uv_size": [-1.5, 1.5]},
								"east": {"uv": [51, 45], "uv_size": [-1, 1.5]},
								"south": {"uv": [51.5, 33], "uv_size": [-1.5, 1.5]},
								"west": {"uv": [51, 43], "uv_size": [-1, 1.5]},
								"up": {"uv": [19.5, 42], "uv_size": [-1.5, 1]},
								"down": {"uv": [44.5, 26], "uv_size": [-1.5, -1]}
							}
						},
						{
							"origin": [-36.66749, 10.89978, -5.32],
							"size": [1.9, 1.52, 1.14],
							"pivot": [-24.1616, 11.30281, -4.655],
							"rotation": [0, 0, -100],
							"uv": {
								"north": {"uv": [40, 4], "uv_size": [-1, 1]},
								"east": {"uv": [38.5, 53], "uv_size": [-0.5, 1]},
								"south": {"uv": [45, 6], "uv_size": [-1, 1]},
								"west": {"uv": [53.5, 37], "uv_size": [-0.5, 1]},
								"up": {"uv": [54, 38], "uv_size": [-1, 0.5]},
								"down": {"uv": [54, 39.5], "uv_size": [-1, -0.5]}
							}
						}
					]
				},
				{
					"name": "bone28",
					"parent": "bone",
					"pivot": [-7.98, 17.67, 11.4],
					"rotation": [0, 50, 0],
					"cubes": [
						{
							"origin": [-17.23458, 18.1, 11.92875],
							"size": [11.4, 5.7, 5.7],
							"pivot": [-11.53458, 19.05, 14.77875],
							"rotation": [0, 0, 22.5],
							"uv": {
								"north": {"uv": [39, 23], "uv_size": [-6, 3]},
								"east": {"uv": [31, 41], "uv_size": [-3, 3]},
								"south": {"uv": [40, 12], "uv_size": [-6, 3]},
								"west": {"uv": [7, 40], "uv_size": [-3, 3]},
								"up": {"uv": [40, 15], "uv_size": [-6, 3]},
								"down": {"uv": [40, 36], "uv_size": [-6, -3]}
							}
						}
					]
				},
				{
					"name": "bone29",
					"parent": "bone28",
					"pivot": [-15.89439, 23.36517, 14.87375],
					"cubes": [
						{
							"origin": [-24.72939, 19.99517, 12.49875],
							"size": [10.07, 5.13, 4.75],
							"uv": {
								"north": {"uv": [5.5, 37], "uv_size": [-5.5, 2.5]},
								"east": {"uv": [46.5, 17], "uv_size": [-2.5, 2.5]},
								"south": {"uv": [43.5, 18], "uv_size": [-5.5, 2.5]},
								"west": {"uv": [6.5, 43], "uv_size": [-2.5, 2.5]},
								"up": {"uv": [43.5, 28], "uv_size": [-5.5, 2.5]},
								"down": {"uv": [43.5, 38.5], "uv_size": [-5.5, -2.5]}
							}
						},
						{
							"origin": [-39.54939, 17.71517, 13.44875],
							"size": [10.45, 3.04, 2.85],
							"pivot": [-29.19439, 22.46517, 14.87375],
							"rotation": [0, 0, -80],
							"uv": {
								"north": {"uv": [48.5, 9], "uv_size": [-5.5, 1.5]},
								"east": {"uv": [51.5, 27], "uv_size": [-1.5, 1.5]},
								"south": {"uv": [23.5, 43], "uv_size": [-5.5, 1.5]},
								"west": {"uv": [28.5, 50], "uv_size": [-1.5, 1.5]},
								"up": {"uv": [48.5, 23], "uv_size": [-5.5, 1.5]},
								"down": {"uv": [49.5, 5.5], "uv_size": [-5.5, -1.5]}
							}
						},
						{
							"origin": [-28.64364, 20.32249, 13.63875],
							"size": [4.75, 3.04, 2.47],
							"pivot": [-26.26864, 24.69249, 14.87375],
							"rotation": [0, 0, -34],
							"uv": {
								"north": {"uv": [23.5, 48], "uv_size": [-2.5, 1.5]},
								"east": {"uv": [51.5, 29], "uv_size": [-1.5, 1.5]},
								"south": {"uv": [36.5, 48], "uv_size": [-2.5, 1.5]},
								"west": {"uv": [30.5, 50], "uv_size": [-1.5, 1.5]},
								"up": {"uv": [39.5, 48], "uv_size": [-2.5, 1.5]},
								"down": {"uv": [42.5, 49.5], "uv_size": [-2.5, -1.5]}
							}
						}
					]
				},
				{
					"name": "bone30",
					"parent": "bone29",
					"pivot": [-29.19439, 23.36517, 14.87375],
					"cubes": [
						{
							"origin": [-35.28207, 9.56978, 13.06875],
							"size": [8.36, 4.37, 3.61],
							"pivot": [-27.90617, 11.30281, 14.87375],
							"rotation": [0, 0, -100],
							"uv": {
								"north": {"uv": [14.5, 39], "uv_size": [-4.5, 2.5]},
								"east": {"uv": [18, 45], "uv_size": [-2, 2.5]},
								"south": {"uv": [19.5, 39], "uv_size": [-4.5, 2.5]},
								"west": {"uv": [16, 45], "uv_size": [-2, 2.5]},
								"up": {"uv": [44.5, 7], "uv_size": [-4.5, 2]},
								"down": {"uv": [44.5, 28], "uv_size": [-4.5, -2]}
							}
						},
						{
							"origin": [-38.51207, 10.32978, 13.63875],
							"size": [3.23, 2.66, 2.28],
							"pivot": [-27.90617, 11.30281, 14.87375],
							"rotation": [0, 0, -100],
							"uv": {
								"north": {"uv": [51.5, 31], "uv_size": [-1.5, 1.5]},
								"east": {"uv": [51, 45], "uv_size": [-1, 1.5]},
								"south": {"uv": [51.5, 33], "uv_size": [-1.5, 1.5]},
								"west": {"uv": [51, 43], "uv_size": [-1, 1.5]},
								"up": {"uv": [19.5, 42], "uv_size": [-1.5, 1]},
								"down": {"uv": [44.5, 26], "uv_size": [-1.5, -1]}
							}
						},
						{
							"origin": [-40.41207, 10.89978, 14.20875],
							"size": [1.9, 1.52, 1.14],
							"pivot": [-27.90617, 11.30281, 14.87375],
							"rotation": [0, 0, -100],
							"uv": {
								"north": {"uv": [40, 4], "uv_size": [-1, 1]},
								"east": {"uv": [38.5, 53], "uv_size": [-0.5, 1]},
								"south": {"uv": [45, 6], "uv_size": [-1, 1]},
								"west": {"uv": [53.5, 37], "uv_size": [-0.5, 1]},
								"up": {"uv": [54, 38], "uv_size": [-1, 0.5]},
								"down": {"uv": [54, 39.5], "uv_size": [-1, -0.5]}
							}
						}
					]
				},
				{
					"name": "bone31",
					"parent": "bone",
					"pivot": [-7.41, 23.18, 0.95],
					"rotation": [0, -18, 0],
					"cubes": [
						{
							"origin": [-14.02994, 18.1, -2.06406],
							"size": [11.4, 5.7, 5.7],
							"pivot": [-8.32994, 19.05, 0.78594],
							"rotation": [0, 0, 22.5],
							"uv": {
								"north": {"uv": [39, 23], "uv_size": [-6, 3]},
								"east": {"uv": [31, 41], "uv_size": [-3, 3]},
								"south": {"uv": [40, 12], "uv_size": [-6, 3]},
								"west": {"uv": [7, 40], "uv_size": [-3, 3]},
								"up": {"uv": [40, 15], "uv_size": [-6, 3]},
								"down": {"uv": [40, 36], "uv_size": [-6, -3]}
							}
						}
					]
				},
				{
					"name": "bone32",
					"parent": "bone31",
					"pivot": [-14.58976, 23.36517, 2.02093],
					"cubes": [
						{
							"origin": [-21.52476, 19.99517, -0.35406],
							"size": [10.07, 5.13, 4.75],
							"uv": {
								"north": {"uv": [5.5, 37], "uv_size": [-5.5, 2.5]},
								"east": {"uv": [46.5, 17], "uv_size": [-2.5, 2.5]},
								"south": {"uv": [43.5, 18], "uv_size": [-5.5, 2.5]},
								"west": {"uv": [6.5, 43], "uv_size": [-2.5, 2.5]},
								"up": {"uv": [43.5, 28], "uv_size": [-5.5, 2.5]},
								"down": {"uv": [43.5, 38.5], "uv_size": [-5.5, -2.5]}
							}
						},
						{
							"origin": [-36.34476, 17.71517, 0.59594],
							"size": [10.45, 3.04, 2.85],
							"pivot": [-25.98976, 22.46517, 2.02093],
							"rotation": [0, 0, -80],
							"uv": {
								"north": {"uv": [48.5, 9], "uv_size": [-5.5, 1.5]},
								"east": {"uv": [51.5, 27], "uv_size": [-1.5, 1.5]},
								"south": {"uv": [23.5, 43], "uv_size": [-5.5, 1.5]},
								"west": {"uv": [28.5, 50], "uv_size": [-1.5, 1.5]},
								"up": {"uv": [48.5, 23], "uv_size": [-5.5, 1.5]},
								"down": {"uv": [49.5, 5.5], "uv_size": [-5.5, -1.5]}
							}
						},
						{
							"origin": [-25.439, 20.32249, 0.78594],
							"size": [4.75, 3.04, 2.47],
							"pivot": [-23.064, 24.69249, 2.02093],
							"rotation": [0, 0, -34],
							"uv": {
								"north": {"uv": [23.5, 48], "uv_size": [-2.5, 1.5]},
								"east": {"uv": [51.5, 29], "uv_size": [-1.5, 1.5]},
								"south": {"uv": [36.5, 48], "uv_size": [-2.5, 1.5]},
								"west": {"uv": [30.5, 50], "uv_size": [-1.5, 1.5]},
								"up": {"uv": [39.5, 48], "uv_size": [-2.5, 1.5]},
								"down": {"uv": [42.5, 49.5], "uv_size": [-2.5, -1.5]}
							}
						}
					]
				},
				{
					"name": "bone33",
					"parent": "bone32",
					"pivot": [-25.98976, 23.36517, 2.02093],
					"cubes": [
						{
							"origin": [-32.07743, 9.56978, 0.21594],
							"size": [8.36, 4.37, 3.61],
							"pivot": [-24.70154, 11.30281, 2.02093],
							"rotation": [0, 0, -100],
							"uv": {
								"north": {"uv": [14.5, 39], "uv_size": [-4.5, 2.5]},
								"east": {"uv": [18, 45], "uv_size": [-2, 2.5]},
								"south": {"uv": [19.5, 39], "uv_size": [-4.5, 2.5]},
								"west": {"uv": [16, 45], "uv_size": [-2, 2.5]},
								"up": {"uv": [44.5, 7], "uv_size": [-4.5, 2]},
								"down": {"uv": [44.5, 28], "uv_size": [-4.5, -2]}
							}
						},
						{
							"origin": [-35.30743, 10.32978, 0.78594],
							"size": [3.23, 2.66, 2.28],
							"pivot": [-24.70154, 11.30281, 2.02093],
							"rotation": [0, 0, -100],
							"uv": {
								"north": {"uv": [51.5, 31], "uv_size": [-1.5, 1.5]},
								"east": {"uv": [51, 45], "uv_size": [-1, 1.5]},
								"south": {"uv": [51.5, 33], "uv_size": [-1.5, 1.5]},
								"west": {"uv": [51, 43], "uv_size": [-1, 1.5]},
								"up": {"uv": [19.5, 42], "uv_size": [-1.5, 1]},
								"down": {"uv": [44.5, 26], "uv_size": [-1.5, -1]}
							}
						},
						{
							"origin": [-37.20743, 10.89978, 1.35594],
							"size": [1.9, 1.52, 1.14],
							"pivot": [-24.70154, 11.30281, 2.02093],
							"rotation": [0, 0, -100],
							"uv": {
								"north": {"uv": [40, 4], "uv_size": [-1, 1]},
								"east": {"uv": [38.5, 53], "uv_size": [-0.5, 1]},
								"south": {"uv": [45, 6], "uv_size": [-1, 1]},
								"west": {"uv": [53.5, 37], "uv_size": [-0.5, 1]},
								"up": {"uv": [54, 38], "uv_size": [-1, 0.5]},
								"down": {"uv": [54, 39.5], "uv_size": [-1, -0.5]}
							}
						}
					]
				}
			]
		}
	]
}